{"Titanic/missing_values/dirty/decision_tree_classification/1": {"best_params": {"max_depth": 62.0}, "train_acc": 1.0, "val_acc": 0.832768115942029, "dirty_test_acc": 0.6984126984126984, "clean_impute_mean_mode_test_acc": 0.6928838951310862, "clean_impute_mean_dummy_test_acc": 0.6928838951310862, "clean_impute_median_mode_test_acc": 0.6928838951310862, "clean_impute_median_dummy_test_acc": 0.6928838951310862, "clean_impute_mode_mode_test_acc": 0.6928838951310862, "clean_impute_mode_dummy_test_acc": 0.6928838951310862}, "Titanic/missing_values/clean_impute_mean_mode/decision_tree_classification/1": {"best_params": {"max_depth": 102.0}, "train_acc": 1.0, "val_acc": 0.8351254480286737, "dirty_test_acc": 0.6984126984126984, "clean_impute_mean_mode_test_acc": 0.7865168539325843}, "Titanic/missing_values/clean_impute_mean_dummy/decision_tree_classification/1": {"best_params": {"max_depth": 13.0}, "train_acc": 0.9723582329317269, "val_acc": 0.8335381464413724, "dirty_test_acc": 0.6984126984126984, "clean_impute_mean_dummy_test_acc": 0.7827715355805244}, "Titanic/missing_values/clean_impute_median_mode/decision_tree_classification/1": {"best_params": {"max_depth": 102.0}, "train_acc": 1.0, "val_acc": 0.8366871479774705, "dirty_test_acc": 0.6984126984126984, "clean_impute_median_mode_test_acc": 0.7865168539325843}}